loss_pol_entpen,EpThisIter,EpLenMean,loss_kl,ev_tdlam_before,loss_pol_surr,EpisodesSoFar,EpRewMean,loss_ent,TimeElapsed,loss_vf_loss,TimestepsSoFar
-0.014234475,50,5.12,0.043228127,-0.04156196117401123,-0.055314966,50,1.0524357866961507,1.4234475,2.246365785598755,1.0028247,256
-0.014157961,29,6.481012658227848,0.077634595,0.007044732570648193,-0.035547562,79,1.5753692341202135,1.4157962,4.221378326416016,3.6906552,512
-0.014056139,13,8.23913043478261,0.021642035,0.11453396081924438,-0.017729275,92,2.619020460563226,1.4056139,6.189442157745361,5.7434072,768
-0.013968154,12,9.91,0.017227368,0.22289574146270752,-0.015677545,104,3.7625536278495564,1.3968154,8.190344333648682,10.657263,1024
-0.013856692,9,12.06,0.0022609285,0.1894087791442871,-0.010166116,113,5.2253757004067305,1.3856692,10.219241619110107,16.498642,1280
-0.013797988,7,14.02,0.0062864246,0.358550488948822,-0.005798692,120,6.476840729359537,1.3797989,12.265011548995972,15.980718,1536
-0.0138151245,5,16.03,0.0040217666,0.368921160697937,-0.011048044,125,7.7685702842473985,1.3815125,14.536383152008057,19.29675,1792
-0.013775121,9,18.39,0.007285253,0.22545427083969116,-0.011988875,134,9.30651345398277,1.3775122,16.755569458007812,28.967884,2048
-0.013676454,8,20.78,0.0032962537,0.11015826463699341,-0.011520911,142,11.04388934224844,1.3676455,18.84473490715027,30.324955,2304
-0.01361314,4,23.0,0.0042476607,0.4190855622291565,-0.008010101,146,12.648230806589126,1.361314,21.040008544921875,25.576511,2560
-0.013550334,6,25.42,0.008113209,0.16311651468276978,-0.01911388,152,14.366639993563295,1.3550334,23.2929847240448,36.161003,2816
-0.01353365,6,27.09,0.0025533182,0.22970914840698242,-0.0070076883,158,15.871528651937842,1.3533651,25.435606718063354,34.87752,3072
-0.013478796,3,29.0,0.004571219,0.3931107521057129,-0.007275626,161,17.23121369190514,1.3478796,27.585182905197144,35.196762,3328
-0.013351918,7,31.27,0.013722053,0.27316975593566895,-0.013735777,168,18.90021545507014,1.3351918,29.5780508518219,38.876274,3584
-0.013259638,7,33.14,0.0030535543,0.10543650388717651,-0.01768722,175,20.498071868494154,1.3259639,31.60314106941223,59.780018,3840
-0.013164273,4,35.79,0.007832227,0.3199033737182617,-0.020603867,179,22.731287242993712,1.3164274,33.570317029953,46.479836,4096
-0.013124842,4,37.3,0.0043046977,0.2032243013381958,-0.017873641,183,24.101138438507913,1.3124843,35.54232716560364,48.037224,4352
-0.01310891,4,39.04,0.0065239607,0.13344663381576538,-0.0057615824,187,25.77053585328162,1.310891,37.602365493774414,63.291924,4608
-0.013100018,3,41.07,0.008644264,0.21035438776016235,-0.024662472,190,27.49890042282641,1.3100019,39.56242489814758,59.63611,4864
-0.013084035,3,42.81,0.017559644,0.3756030201911926,-0.018713383,193,29.019501808062195,1.3084036,41.473398208618164,71.77623,5120
-0.013082968,4,45.02,0.004711987,0.3948745131492615,-0.010544369,197,30.75088075108826,1.3082968,43.37833571434021,101.89111,5376
-0.0130173955,4,46.1,0.0069731306,0.2770647406578064,-0.0082516605,201,31.70669570878148,1.3017396,45.510111808776855,106.53218,5632
-0.012934966,3,48.25,0.014656939,0.4746679663658142,-0.012203899,204,33.33436354622245,1.2934966,47.542741775512695,96.47093,5888
-0.012920206,5,48.75,0.018766519,0.31955134868621826,-0.020468265,209,33.77986290499568,1.2920207,49.481043577194214,139.68098,6144
-0.012898088,3,51.1,0.005259791,0.4095003008842468,-0.015128561,212,35.73572054468095,1.2898089,51.7397084236145,82.052505,6400
-0.012847727,4,51.73,0.0017719124,0.13381153345108032,-0.008236838,216,36.485191980227825,1.2847728,53.766491174697876,109.95007,6656
-0.012745472,3,53.89,0.010013239,0.453119158744812,-0.012643745,219,38.13332050152123,1.2745472,55.70892882347107,99.504585,6912
-0.012678795,4,54.23,0.00851528,0.39796173572540283,-0.008783601,223,38.60052103228867,1.2678795,57.715800523757935,124.97859,7168
-0.012655469,6,55.16,0.0044903886,0.35816866159439087,-0.0039659133,229,39.44950597755611,1.2655469,59.83396530151367,138.56816,7424
-0.0126292845,3,56.33,0.006578881,0.3413512706756592,-0.0052902233,232,40.25614053271711,1.2629285,61.75476002693176,96.124596,7680
-0.012513805,4,57.34,0.0024343494,0.3638274669647217,-0.006546677,236,41.2341713463515,1.2513806,63.73615097999573,99.70391,7936
-0.012467648,3,59.57,0.014397164,0.5063174068927765,-0.012055634,239,42.681761983260515,1.2467648,65.50475811958313,116.011955,8192
-0.012482457,6,59.11,0.0037331767,0.3244641423225403,-0.010195956,245,42.17292909376323,1.2482457,67.63811135292053,142.88364,8448
-0.012497797,3,60.65,0.0033847326,0.5244122743606567,8.0209225e-05,248,43.120147336646916,1.2497797,69.39789032936096,107.2245,8704
-0.012473451,5,60.61,0.013494337,0.41372591257095337,-0.012385465,253,42.956595999524,1.2473451,71.36858177185059,113.75084,8960
-0.012446904,3,61.49,0.012530405,0.4009806513786316,-0.019901214,256,43.43040689587593,1.2446904,73.27057933807373,109.16134,9216
-0.012411912,5,61.52,0.0022448495,0.37315672636032104,-0.0036440324,261,43.521115953624246,1.2411913,75.09293222427368,123.91734,9472
-0.012435766,3,62.21,0.002717264,0.3592512607574463,-0.006465733,264,44.05066103607416,1.2435766,76.94028449058533,103.45938,9728
-0.012429408,3,63.44,0.0022379535,0.4447914958000183,-0.0026737177,267,44.88339491188526,1.2429408,78.78502821922302,118.12339,9984
-0.012396324,3,65.49,0.0081154285,0.5520653128623962,-0.020953448,270,46.379432189464566,1.2396325,80.7168755531311,72.711426,10240
-0.012351838,5,66.35,0.009176623,0.33029651641845703,-0.008632235,275,46.80716941177845,1.2351838,82.76599931716919,130.42003,10496
-0.012351547,4,66.35,0.006837733,0.487571120262146,-0.009548726,279,46.56545285701752,1.2351547,84.88068890571594,120.16507,10752
-0.012346268,2,66.98,0.007734837,0.40189218521118164,-0.011251048,281,47.085102654099465,1.2346268,87.0402204990387,100.979515,11008
-0.012281867,4,68.01,0.0049439655,0.4228900074958801,-0.008860925,285,47.809195291996005,1.2281867,89.24041247367859,102.06873,11264
-0.012257699,3,68.65,0.0027972339,0.49351823329925537,-0.009414321,288,48.13568750441075,1.2257699,91.22700619697571,102.520386,11520
-0.012249412,2,68.88,0.0027600823,0.5303998589515686,-0.004214205,290,48.20670747458935,1.2249413,93.3729977607727,94.324974,11776
-0.01224112,6,67.47,0.0012449971,0.3866111636161804,-0.0090487115,296,46.96428965091705,1.224112,95.1836199760437,170.93944,12032
-0.012196607,3,67.92,0.0026483214,0.4729735255241394,-0.007915894,299,47.09751049131155,1.2196608,97.0644519329071,96.84427,12288
-0.012172597,3,68.87,0.0019092634,0.5504274666309357,-0.0048724674,302,47.510058890283105,1.2172598,98.90975499153137,99.89327,12544
-0.012200153,3,67.95,0.0019819378,0.5258029699325562,-0.0029150043,305,47.08856965959072,1.2200154,100.8340494632721,82.8755,12800
-0.012226399,3,69.46,0.004378544,0.4636690020561218,-0.014947284,308,48.4754063129425,1.2226399,102.79426717758179,80.58063,13056
-0.01223523,5,68.65,0.0037292049,0.2556142210960388,-0.013911983,313,47.767830251678824,1.223523,104.73685097694397,130.67892,13312
-0.012254968,3,69.3,0.009075696,0.5314102172851562,-0.009705925,316,48.21102018259466,1.2254969,106.59999346733093,100.50632,13568
-0.012291709,3,69.43,0.008596353,0.5375224649906158,-0.012627497,319,48.27513135634363,1.2291709,108.43916583061218,111.48988,13824
-0.012344361,3,69.47,0.0031335726,0.3755331039428711,-0.01112688,322,48.409906061217185,1.2344362,110.38243412971497,107.71373,14080
-0.012343955,4,70.17,0.0034768954,0.48842179775238037,-0.011945246,326,49.02418891958892,1.2343955,112.4516544342041,114.26801,14336
-0.012274991,2,71.15,0.004474479,0.5422507524490356,-0.00096590817,328,49.875518174245954,1.2274991,114.30426907539368,96.3074,14592
-0.012277497,3,72.82,0.0065512722,0.5770533680915833,-0.0070022475,331,51.26878819234669,1.2277497,116.09930539131165,115.08595,14848
-0.012264333,3,72.69,0.003936758,0.42642444372177124,-0.009221977,334,50.887956017926335,1.2264333,117.93501281738281,135.02072,15104
-0.012251557,3,72.92,0.0034586242,0.4777056574821472,-0.00957476,337,51.172235283628105,1.2251557,119.71537280082703,151.50476,15360
-0.012225493,3,72.92,0.0026636156,0.5988261699676514,-0.007831395,340,51.36211057879031,1.2225493,121.61907124519348,90.82715,15616
-0.012218484,3,74.73,0.0027515115,0.5770661234855652,-0.00599847,343,52.7496309427172,1.2218484,123.4057469367981,108.34831,15872
-0.012262085,2,76.59,0.0006105525,0.5442189872264862,-0.00070418045,345,54.13687345869839,1.2262086,125.29231333732605,83.65383,16128
-0.012225241,4,76.65,0.0023017437,0.46917253732681274,-0.00802363,349,54.384885847046974,1.2225242,127.05075240135193,147.26239,16384
-0.012191592,2,77.64,0.001076038,0.5941149592399597,-0.0033541247,351,55.17635358758271,1.2191592,128.98078060150146,89.09786,16640
-0.012193847,3,78.62,0.0073786704,0.5797067582607269,-0.006619731,354,55.94567905068398,1.2193848,130.80381846427917,110.20709,16896
-0.012220392,2,79.5,0.0051261843,0.5551233887672424,-0.005770241,356,56.59349817812443,1.2220392,132.69775342941284,90.093414,17152
-0.012230692,4,80.51,0.00037122495,0.5132960081100464,0.00018933555,360,57.232049438953396,1.2230693,134.52678418159485,139.0166,17408
-0.012235156,2,80.44,0.0024054633,0.49951648712158203,-0.0046971925,362,57.33842253088951,1.2235156,136.46196103096008,83.45534,17664
-0.012232909,4,81.2,0.00047652656,0.4822389483451843,-0.002142286,366,57.92006725728512,1.2232909,138.29124975204468,148.10243,17920
-0.012196875,2,81.06,0.0015911539,0.49764305353164673,-0.0032838671,368,58.113584548830985,1.2196876,140.20764756202698,81.50326,18176
-0.01215607,3,81.22,0.010424847,0.5813880562782288,-0.025702242,371,58.15099914252758,1.215607,142.31948280334473,124.27959,18432
-0.012084609,2,82.96,0.0040886262,0.4993681311607361,-0.0060067065,373,59.393274482488636,1.2084609,144.1829698085785,128.82185,18688
-0.012081419,4,82.98,0.0062719397,0.526466578245163,-0.007632213,377,59.49616637408733,1.2081419,146.3834524154663,126.48845,18944
-0.012072844,2,83.96,0.0005611228,0.5655131340026855,-0.00030755624,379,60.201387634277346,1.2072845,148.40681290626526,96.62578,19200
-0.012111619,3,84.08,0.014128269,0.5907686650753021,-0.0120078195,382,60.141709079742434,1.211162,150.22100567817688,118.26829,19456
-0.012118505,3,84.14,0.0053642243,0.4575032591819763,-0.005161587,385,60.06745701849461,1.2118505,152.14236068725586,130.33762,19712
-0.012115408,3,84.23,0.0014069404,0.5905168354511261,-0.0074072694,388,60.030018763542174,1.2115408,154.0299084186554,116.959305,19968
-0.012179869,2,84.25,0.006606759,0.5113379657268524,-0.007356003,390,60.048398928046225,1.217987,155.92623448371887,119.9208,20224
-0.012230166,3,85.21,0.00032204413,0.649069219827652,-0.0014397986,393,60.73893757253885,1.2230166,157.72824549674988,85.32004,20480
-0.012287179,3,87.01,0.0033105728,0.5785448253154755,-0.0073396266,396,62.04042546510696,1.2287179,159.72326111793518,115.36774,20736
-0.012306752,4,85.63,0.019301128,0.17055541276931763,-0.023585115,400,61.05281965613365,1.2306752,161.60299444198608,193.77121,20992
-0.012284632,3,86.52,0.0008732558,0.6354441046714783,-0.0056238025,403,61.63140338629484,1.2284632,163.4498872756958,83.06255,21248
-0.012280901,3,85.84,0.0066227056,0.42165958881378174,-0.0063568093,406,60.815212892889974,1.2280902,165.26082229614258,134.07878,21504
-0.012259149,3,85.98,0.0011076753,0.6601521372795105,-0.0013577193,409,60.912709425389764,1.225915,167.22301769256592,85.13012,21760
-0.012210101,4,86.99,0.0048826695,0.49962449073791504,-0.01425555,413,61.54714764513076,1.2210101,169.09155941009521,113.115166,22016
-0.012210718,2,87.9,0.0045194477,0.5809901654720306,-0.00037424266,415,62.25871003545821,1.2210718,171.12247610092163,91.85776,22272
-0.012205713,3,87.94,0.011561649,0.5918534100055695,-0.012154171,418,62.27699138261378,1.2205714,172.92892360687256,115.93251,22528
-0.012221764,2,88.01,0.0007907294,0.550029069185257,-0.0005283449,420,62.146328560188415,1.2221764,174.83372449874878,97.31231,22784
-0.01222157,4,89.18,0.0011722548,0.46847355365753174,-0.006535519,424,62.80134627647698,1.222157,176.6405794620514,155.49214,23040
-0.012195043,5,86.33,0.0046076067,0.4544603228569031,-0.005998004,429,60.68749955691397,1.2195044,178.50211024284363,124.51973,23296
-0.012169669,4,85.24,0.0023346602,0.42059147357940674,-0.0027452891,433,59.91366633988917,1.216967,180.58658838272095,147.89482,23552
-0.012169572,3,85.24,0.0015043351,0.6375663578510284,-0.005974097,436,59.771014127507804,1.2169572,182.45082688331604,85.280785,23808
-0.012185744,3,85.98,0.00085282826,0.5700124204158783,-0.0022255778,439,60.20831837631762,1.2185744,184.22642707824707,110.90109,24064
-0.012209021,2,85.98,0.003274589,0.5957855582237244,-0.004192992,441,60.21815202392638,1.2209021,186.09290480613708,88.637245,24320
-0.0122397,4,85.13,0.0024979776,0.490783154964447,-0.0043208823,445,59.536722857430576,1.22397,187.84117221832275,141.19083,24576
-0.012259043,3,84.96,0.01022129,0.5036905109882355,-0.00458996,448,59.414377193823455,1.2259043,189.7683253288269,110.32312,24832
-0.012267445,3,84.96,0.0030657987,0.5852988362312317,-0.0041920533,451,59.46923200823367,1.2267445,191.63060808181763,109.279915,25088
-0.012202414,2,84.96,0.0016220892,0.5863711535930634,-0.003066523,453,59.49142094947398,1.2202414,193.54230904579163,89.73512,25344
-0.012149488,4,84.1,0.00271775,0.4950183033943176,-0.0040996093,457,58.99884017892182,1.2149488,195.48075413703918,140.24184,25600
-0.012087516,2,84.1,0.0029711411,0.5899611413478851,-0.003278654,459,58.986242427900436,1.2087516,197.40227723121643,89.43051,25856
-0.012044358,5,83.27,0.0031583088,0.4756585359573364,-0.004189755,464,58.42031120605767,1.2044358,199.3156750202179,147.03993,26112
-0.012033902,3,83.36,0.010053497,0.46686387062072754,-0.012142957,467,58.243614075854424,1.2033902,201.35931873321533,115.95987,26368
-0.01202225,3,82.41,0.003174007,0.4913367033004761,-0.004989201,470,57.56852632291615,1.2022251,203.300466299057,110.471115,26624
-0.012013007,3,82.41,0.0053109806,0.6334986984729767,-0.010102631,473,57.605507975891236,1.2013007,205.1566300392151,104.402084,26880
-0.0119965505,2,83.15,0.0075188,0.5559423267841339,-0.006287923,475,58.21006715066731,1.199655,206.95416450500488,128.32587,27136
-0.0119596915,3,82.97,0.0019941726,0.5533480644226074,-0.001981467,478,58.309047351554035,1.1959692,208.95369577407837,79.43569,27392
-0.011907652,4,82.16,0.0001967689,0.4861146807670593,-0.004256297,482,57.73461060293019,1.1907653,210.83330368995667,157.34116,27648
-0.011856217,5,80.43,0.0069221547,0.3282182812690735,-0.014692297,487,56.379499033764006,1.1856217,212.74144196510315,162.5236,27904
-0.011815247,2,80.43,0.004572976,0.5518493950366974,-0.009979652,489,56.37354916043579,1.1815248,214.5707061290741,95.16884,28160
-0.0118142115,4,79.71,0.0011018659,0.49583345651626587,-0.0058864374,493,55.977070945873855,1.1814212,216.50424146652222,145.76817,28416
-0.011820369,2,79.71,0.0001603266,0.5701427459716797,-0.0014228504,495,55.962637241259216,1.182037,218.37597227096558,98.18199,28672
-0.011851407,3,81.28,0.006569605,0.577294796705246,-0.014138407,498,57.08507376201451,1.1851407,220.25699520111084,117.47993,28928
-0.0118942605,2,82.06,0.0012471542,0.5468078255653381,-0.0007251967,500,57.69029029764235,1.1894261,222.4191312789917,99.916504,29184
-0.0119009195,3,82.06,0.003142903,0.5951946377754211,-0.003472358,503,57.7507736659795,1.190092,224.2483377456665,116.99669,29440
-0.011874446,3,82.11,0.0033210863,0.4097897410392761,-0.0076533966,506,57.82137310840189,1.1874446,226.07232666015625,131.8428,29696
-0.011822249,4,81.12,0.005665388,0.5766294300556183,-0.008741807,510,57.01638285763562,1.1822249,227.92034339904785,122.19022,29952
-0.011817849,5,79.37,0.003899999,0.3614856004714966,-0.011357483,515,55.54397518575192,1.181785,229.93223524093628,149.48134,30208
-0.011836853,3,79.37,0.0021045683,0.5987589061260223,-0.004868135,518,55.40340103805065,1.1836853,231.93126916885376,108.74835,30464
-0.0118626775,2,79.37,0.003171096,0.5572317540645599,-0.005311775,520,55.464929141402244,1.1862677,233.74940991401672,94.46608,30720
-0.011885716,4,79.22,0.0037943702,0.5167331695556641,-0.0020540804,524,55.4230629235506,1.1885716,235.51580119132996,143.78113,30976
-0.011901351,4,80.37,0.0016172365,0.5308883488178253,-0.00200176,528,56.184191559255126,1.1901351,237.3313946723938,106.14349,31232
-0.011889372,3,79.59,0.0035712568,0.41473162174224854,-0.0020217523,531,55.621423213481904,1.1889372,239.1355013847351,129.58536,31488
-0.011896044,4,80.62,0.0011011644,0.5243223309516907,-0.002621883,535,56.399292447566985,1.1896044,240.90640497207642,137.9681,31744
-0.011894942,2,80.62,0.0009442873,0.5518523752689362,-0.002051212,537,56.41602645531297,1.1894943,242.72762250900269,100.91977,32000
-0.011897988,3,80.62,0.005264784,0.5865550339221954,-0.005669947,540,56.393622845560316,1.1897988,244.48502945899963,118.243805,32256
-0.011885456,2,80.62,0.0038866631,0.4970168471336365,-0.009506231,542,56.41286287620664,1.1885456,246.28553009033203,122.810074,32512
-0.011912113,4,80.65,0.0033560921,0.5412687063217163,-0.0005578797,546,56.3933380638063,1.1912113,248.08792757987976,117.526276,32768
-0.011905747,3,80.77,0.002597364,0.3824169635772705,-0.007011108,549,56.33746130183339,1.1905746,249.920804977417,128.3686,33024
-0.011865369,3,80.77,0.006462112,0.5952790975570679,-0.007665865,552,56.32399317637086,1.1865369,251.67643570899963,114.22278,33280
-0.01181594,5,79.13,0.0024305705,0.2527775764465332,-0.007652553,557,55.04768365994096,1.181594,253.48553228378296,168.1947,33536
-0.011811083,2,79.13,0.0033056075,0.5404482185840607,-0.0008643544,559,55.03961917087436,1.1811084,255.29185676574707,94.107925,33792
-0.011826657,4,80.21,0.0038359542,0.5115949511528015,-0.006614209,563,55.655469522923234,1.1826657,257.04816722869873,128.80733,34048
-0.011848296,6,77.15,0.0057633617,0.3819551467895508,-0.00710126,569,53.40965053752065,1.1848296,258.8613862991333,145.56786,34304
-0.011857076,3,78.1,0.004269711,0.5632565021514893,-0.010910783,572,53.977252996116874,1.1857076,260.67896938323975,116.02686,34560
-0.011884374,3,77.3,0.007492285,0.44043952226638794,-0.009442797,575,53.31119205847383,1.1884373,262.64799880981445,117.26407,34816
-0.011876212,3,77.48,0.0013907906,0.5584490597248077,-0.0051471824,578,53.126803703457114,1.1876212,264.4105796813965,112.790146,35072
-0.011868014,3,77.5,0.0008095107,0.4535031318664551,-0.0047780573,581,53.06374892190099,1.1868014,266.2175271511078,117.35137,35328
-0.011849852,2,77.5,0.0027877577,0.5352537631988525,-0.0012816507,583,53.04061434581876,1.1849853,267.9762442111969,115.9579,35584
-0.011840969,6,77.39,0.004363995,0.4757399559020996,-0.00928447,589,53.02284216508269,1.1840969,269.7468354701996,125.104095,35840
-0.011849865,2,78.11,0.0011324822,0.5472791492938995,-0.0009017498,591,53.55472263261676,1.1849866,271.55746817588806,94.68134,36096
-0.011840259,3,78.11,0.003517644,0.5898725688457489,-0.012920273,594,53.54991881325841,1.1840259,273.32480573654175,109.95968,36352
-0.011847218,5,75.4,0.0063480632,0.3897930383682251,-0.012607126,599,51.60854624673724,1.1847218,275.1228177547455,136.06667,36608
-0.011850043,3,75.4,0.004466178,0.5744780898094177,-0.0048345644,602,51.58752100542188,1.1850044,276.96092462539673,113.74848,36864
-0.011837214,2,75.4,0.0025986808,0.5463317036628723,-0.0058243647,604,51.51328470692039,1.1837214,278.9658041000366,96.519806,37120
-0.0118035115,4,75.26,0.00054318574,0.5253912806510925,-0.0012819772,608,51.3761735625565,1.1803511,280.823525428772,133.72247,37376
-0.011787821,2,76.25,0.00093946327,0.5299846231937408,-0.0067483336,610,51.94310799196362,1.1787821,282.689368724823,98.02028,37632
-0.011781888,4,77.15,0.0014905955,0.5290581285953522,-0.0024492778,614,52.426816023439166,1.1781888,284.52919006347656,129.12022,37888
-0.011802197,5,75.69,0.008808397,0.23270732164382935,-0.015906041,619,51.30588059991598,1.1802198,286.42293977737427,175.35538,38144
-0.011820944,5,73.97,0.005903261,0.29763662815093994,-0.013054663,624,49.99617613375187,1.1820945,288.36530566215515,147.31262,38400
-0.011819373,3,75.71,0.0009848101,0.5575254261493683,-0.003839815,627,51.15236405670643,1.1819373,290.14237451553345,107.85857,38656
-0.011846267,2,75.71,0.002537772,0.5818881094455719,-0.0029170355,629,51.19965955466032,1.1846267,292.17290902137756,84.05371,38912
-0.01186989,6,74.46,0.0022264817,0.44582557678222656,-0.008185087,635,50.16901380717754,1.186989,293.9688172340393,139.78485,39168
-0.011892937,3,73.63,0.0021126142,0.46431201696395874,-0.0045638997,638,49.565643448382616,1.1892937,295.9216363430023,111.72614,39424
-0.0118951835,3,73.25,0.0038437748,0.5553614795207977,-0.0072767697,641,49.39538055971265,1.1895183,297.8526453971863,91.33263,39680
-0.011883106,3,73.04,0.0019090716,0.3968338966369629,-0.005492758,644,49.39389690980315,1.1883106,299.7058804035187,121.49531,39936
-0.011873983,3,73.04,0.0023167103,0.605078935623169,-0.008925255,647,49.44462346628308,1.1873983,301.57259154319763,84.54912,40192
-0.011853112,3,73.84,0.0034798977,0.5659501552581787,-0.008788908,650,50.15501271530986,1.1853112,303.41431736946106,110.88262,40448
-0.0118624065,2,73.84,0.0012545385,0.5677602589130402,-0.0012645265,652,50.08322765365243,1.1862407,305.27636075019836,86.762436,40704
-0.011863879,6,72.73,0.003268723,0.12462693452835083,-0.014625657,658,49.514808855503794,1.1863879,307.4706983566284,161.67502,40960
-0.011862483,3,72.73,0.0010714207,0.5843251347541809,-0.00070938095,661,49.55041572496295,1.1862483,309.53864192962646,108.03844,41216
-0.011859282,2,73.42,0.0028678412,0.5160683691501617,-0.0059016244,663,50.07246792808175,1.1859282,311.49740743637085,117.35118,41472
-0.011864203,4,75.61,0.0044046547,0.4589956998825073,-0.0015469193,667,51.56691873148084,1.1864203,313.4541985988617,120.05805,41728
-0.0118718725,3,75.77,0.0037298973,0.4097890257835388,-0.009585865,670,51.68087262108922,1.1871873,315.30397725105286,122.85977,41984
-0.011853593,4,74.85,0.0022574821,0.4970739483833313,-0.006850196,674,51.028296011537314,1.1853594,317.2896945476532,130.98875,42240
-0.011836933,4,73.89,0.0013465234,0.4513671398162842,-0.0046796985,678,50.438647500425574,1.1836933,319.29640889167786,116.32719,42496
-0.01181754,2,74.68,0.0019421852,0.5341983437538147,-0.006491462,680,51.07104907944799,1.181754,321.37416434288025,118.138985,42752
-0.011821832,3,74.68,0.00513506,0.6093031466007233,-0.0014350154,683,51.06966951593757,1.1821831,323.47689604759216,86.99929,43008
-0.0117911,3,76.43,0.0015885748,0.5625484883785248,-0.005709462,686,52.285818041414025,1.17911,325.3470723628998,111.83506,43264
-0.011789417,2,77.42,0.0009889738,0.5653749704360962,-0.0039564287,688,52.9090458188951,1.1789417,327.1963355541229,87.20506,43520
-0.011805476,5,74.77,0.0062100077,0.31189197301864624,-0.011994305,693,50.92114616885781,1.1805476,329.04974484443665,153.36438,43776
-0.0117765535,5,74.75,0.0043316847,0.4454914927482605,-0.009998205,698,50.8391395239532,1.1776553,330.8049521446228,156.57938,44032
-0.011735087,2,75.63,0.0010220411,0.4550830125808716,-0.003974703,700,51.58791670456529,1.1735088,332.6809937953949,77.36412,44288
-0.011705226,3,75.59,0.0021890758,0.563625156879425,-0.001955133,703,51.5442496021092,1.1705227,334.4645051956177,107.7618,44544
-0.0116922185,4,73.64,0.0012315789,0.45597970485687256,-0.008365326,707,50.27795375362039,1.1692219,336.2780396938324,135.40297,44800
-0.011670569,3,74.57,0.00212956,0.6299351453781128,-0.0048931576,710,51.10714503034949,1.1670569,338.07767057418823,92.222336,45056
-0.011703906,3,75.51,0.0024071606,0.5489383637905121,-0.007360272,713,51.78323025390506,1.1703906,339.8338439464569,112.93734,45312
-0.011741934,2,75.51,0.0024830338,0.5748634338378906,-0.0013545733,715,51.83370998725295,1.1741935,341.63645124435425,90.81534,45568
-0.011758675,4,77.0,0.0016325277,0.5362384021282196,-0.0069010314,719,52.97220761775971,1.1758676,343.3952498435974,124.29581,45824
-0.011761292,2,77.0,0.0026067083,0.5576812624931335,-0.004679866,721,53.00949467986822,1.1761292,345.19290590286255,92.70288,46080
-0.011767712,4,78.09,0.004319875,0.28814154863357544,-0.0072542652,725,53.710175928473475,1.1767713,347.00702357292175,157.3846,46336
-0.011740962,3,78.08,0.0005330867,0.5734496712684631,-0.0017599836,728,53.62525581717491,1.1740962,348.7606041431427,110.59987,46592
-0.01175787,6,77.46,0.0063679153,0.21347391605377197,-0.0165595,734,53.06304152786732,1.1757871,350.607479095459,178.181,46848
-0.011789426,2,77.46,2.579554e-05,0.5003819763660431,-7.355679e-05,736,53.03610407859087,1.1789427,352.6719419956207,104.52938,47104
-0.011820253,3,78.67,0.0018558261,0.650661826133728,-0.005012935,739,53.674864665567874,1.1820253,354.43433380126953,78.47348,47360
-0.011849497,3,78.91,0.0020855505,0.5561142861843109,-0.006525008,742,53.564141571223736,1.1849498,356.2144103050232,106.55003,47616
-0.011870917,6,75.87,0.0035131886,0.4324689507484436,-0.008197499,748,51.373674525618554,1.1870917,358.121506690979,122.21236,47872
-0.011863223,3,75.87,0.00084174797,0.5577857196331024,-0.0014111921,751,51.28350399106741,1.1863223,360.01714301109314,107.361595,48128
-0.011876196,4,75.66,0.0044345446,0.26211291551589966,-0.009011592,755,51.34055399864912,1.1876196,362.31608605384827,112.89746,48384
-0.01185032,3,76.89,0.0019559811,0.44150668382644653,-0.004548315,758,51.96783178448677,1.185032,364.2088692188263,114.635315,48640
-0.011802517,3,76.89,0.0011222218,0.5755899250507355,-0.0036835447,761,52.010304368138314,1.1802517,366.00344467163086,108.341774,48896
-0.011771067,2,76.94,0.00023343274,0.5383080244064331,-0.0016032606,763,52.00646840840578,1.1771067,368.1258089542389,95.878555,49152
-0.011770881,3,76.94,0.0019900978,0.5948484539985657,-0.0010293247,766,52.02858688056469,1.1770881,369.93298625946045,102.25055,49408
-0.011766047,3,77.58,0.0015129268,0.40880078077316284,-0.0024644556,769,52.31381837874651,1.1766047,371.81302762031555,124.32486,49664
-0.011770723,3,77.54,0.001045541,0.5693720579147339,-0.0037160479,772,52.32957161784172,1.1770724,373.67000365257263,107.456566,49920
-0.011761437,4,77.44,0.0011361036,0.5210926830768585,-0.01105107,776,52.29791630595923,1.1761438,375.51386165618896,119.43805,50176
-0.011748818,3,78.46,0.0016574033,0.4584174156188965,-0.004971059,779,52.94091677546501,1.1748818,377.5233657360077,114.701614,50432
-0.011734088,2,78.46,0.0015038177,0.5404729545116425,-0.00088216737,781,52.87079975813627,1.1734089,379.34941244125366,98.38518,50688
-0.011728309,3,78.46,0.0013628246,0.5980248153209686,-0.008819044,784,52.81555717200041,1.1728309,381.2665238380432,104.66667,50944
-0.011747778,2,78.46,0.0031707522,0.5348785519599915,-0.0075759217,786,52.68074385434389,1.1747779,383.0497028827667,121.884796,51200
-0.011747998,3,78.46,0.00063204486,0.5823802649974823,-0.0006638728,789,52.637383163273334,1.1747998,384.88487911224365,90.80939,51456
-0.011740788,3,80.23,0.0001445536,0.5678054690361023,-0.0002001524,792,53.86531655102968,1.1740788,386.665944814682,112.35924,51712
-0.011734824,5,79.25,0.0070608836,0.31050997972488403,-0.012113307,797,53.05319078296423,1.1734824,388.4716320037842,147.91193,51968
-0.011713873,3,79.33,0.0002850506,0.5039699375629425,-0.002250583,800,52.88593017756939,1.1713873,390.2963125705719,104.79515,52224
-0.011711389,3,79.36,0.0013624975,0.605102151632309,-0.003922973,803,52.97946950688958,1.1711389,392.0880434513092,102.55652,52480
-0.011719666,2,79.36,0.0011422136,0.5416878759860992,-0.0036977315,805,53.01343737259507,1.1719667,393.8646249771118,121.468834,52736
-0.01173131,4,80.51,0.0022516109,0.45773065090179443,-0.0057431385,809,53.75545181825757,1.173131,395.6578140258789,120.9228,52992
-0.011738168,3,79.74,0.005549581,0.3995571732521057,-0.00549075,812,53.134791939407584,1.1738168,397.46728444099426,122.127426,53248
-0.01175864,4,78.92,0.0006318053,0.4818277359008789,-0.0017039357,816,52.56225662484765,1.1758641,399.23249864578247,136.73267,53504
-0.011774808,2,79.88,0.0011655121,0.5622251629829407,-0.0028181914,818,53.17615663811564,1.1774808,401.03596591949463,88.30954,53760
-0.011769161,3,79.88,0.0021951771,0.58102747797966,-0.0023414493,821,53.22498169466853,1.1769161,402.8040816783905,111.22451,54016
-0.011737036,2,79.89,0.0004378357,0.5637080073356628,-0.0019331463,823,53.256407836526634,1.1737036,404.6083035469055,92.533066,54272
-0.011728438,5,79.66,0.0011657935,0.4516250491142273,-0.004365487,828,53.168875568658116,1.1728438,406.39526891708374,150.65564,54528
-0.011705064,3,79.71,0.0017541291,0.4781380295753479,-0.005124081,831,53.328658355027436,1.1705065,408.2423846721649,110.726685,54784
-0.011699084,2,81.45,7.64993e-05,0.5351737141609192,-0.00086769834,833,54.627905435115096,1.1699084,410.0633385181427,112.783,55040
-0.011683378,3,81.95,0.0013716456,0.5767543017864227,-0.0022594444,836,55.229322313219306,1.1683378,412.15447187423706,74.95068,55296
-0.01164559,5,80.16,0.0010026593,0.47241801023483276,-0.0055965427,841,54.1270616967231,1.164559,413.94429564476013,146.76404,55552
-0.011645153,2,80.16,0.0006875715,0.5496834814548492,-0.0031642113,843,54.23553680039942,1.1645154,415.76692938804626,98.72595,55808
-0.011642197,5,82.25,0.00050424086,0.44959044456481934,-0.003689183,848,55.70222451157868,1.1642197,417.902859210968,160.39047,56064
-0.011639851,4,80.49,0.00026306766,0.437320351600647,-0.0015496388,852,54.606857169047,1.1639851,419.88594675064087,125.10698,56320
-0.011626769,3,82.35,0.00067241164,0.5566615164279938,-0.0036332319,855,55.83756415762007,1.1626769,421.71109914779663,118.59828,56576
-0.0116397105,2,82.35,0.0021246942,0.5863420069217682,-0.0023301095,857,55.86698181338608,1.1639711,423.62087392807007,86.79753,56832
-0.0116531905,5,81.18,0.00083364197,0.4257678985595703,-0.004516525,862,54.96811694867909,1.1653191,425.7036588191986,143.41685,57088
-0.011652236,2,81.18,0.00040645245,0.5894148051738739,-0.0019028382,864,54.97623268909752,1.1652236,428.0113055706024,87.14038,57344
-0.01165506,3,81.18,0.0014129109,0.5784791707992554,-0.004234504,867,55.00917252905667,1.165506,430.079478263855,110.57628,57600
-0.0116693415,2,82.03,7.169403e-05,0.55345618724823,0.00011359155,869,55.63363636262715,1.1669341,432.0693473815918,90.09321,57856
-0.011652976,4,81.31,0.00075909006,0.4555501937866211,-0.0046357326,873,55.03049183227122,1.1652976,433.92933893203735,150.1398,58112
-0.011646509,2,82.3,0.0006658803,0.5768322348594666,-0.0010731015,875,55.700568302050236,1.1646509,435.7964141368866,88.55019,58368
-0.011637493,4,82.19,0.0003843126,0.4151307940483093,-0.0033140294,879,55.71590761400759,1.1637493,437.7251148223877,127.20813,58624
-0.011649102,4,80.38,0.001275593,0.43774551153182983,-0.0046803616,883,54.46921202279627,1.1649102,439.685338973999,127.36659,58880
-0.011673793,2,80.38,0.00026963744,0.5412866771221161,-0.0037784278,885,54.50281703092158,1.1673794,441.9335021972656,111.21421,59136
-0.011663297,3,80.37,0.00053355284,0.6134846806526184,-0.0022874288,888,54.61369551248848,1.1663297,444.01342821121216,84.30722,59392
-0.011649218,4,78.83,0.0016473988,0.3086177706718445,-0.010317756,892,53.66265248008072,1.1649219,446.0766234397888,144.40314,59648
-0.011639558,3,79.71,0.00070730527,0.5868128538131714,-0.0014700554,895,54.474833114221695,1.1639558,447.92943596839905,105.51755,59904
-0.011635088,2,81.47,0.0008599276,0.556421309709549,-0.0038662031,897,55.73385582186282,1.1635089,449.73657751083374,89.82768,60160
-0.011621505,3,82.44,0.0012531676,0.5724740326404572,-0.0018639741,900,56.42417766042054,1.1621505,451.4992733001709,107.96622,60416
-0.011621121,4,80.67,0.00082003046,0.3655378818511963,-0.0037073977,904,54.97748148433864,1.1621121,453.39085245132446,131.87682,60672
-0.011623378,4,80.65,0.0015477672,0.43133705854415894,-0.0051821694,908,55.0449850320071,1.1623378,455.2152638435364,127.24939,60928
-0.011614323,2,80.65,0.0007958752,0.584037572145462,9.430945e-05,910,55.05368420802057,1.1614323,457.04149198532104,85.85292,61184
-0.011628688,3,81.38,0.00093281385,0.576296329498291,-0.0054202126,913,55.60061214692891,1.1628689,458.9267587661743,101.256386,61440
-0.011651448,2,82.2,0.00095288164,0.5501315295696259,-0.0006348565,915,56.17316280461848,1.1651448,460.8056380748749,92.12036,61696
-0.0116614,3,82.2,0.0007690203,0.5800537765026093,-0.005102426,918,56.1185340488702,1.1661401,462.6273591518402,106.087105,61952
-0.011665796,3,81.43,0.0010821687,0.4190017580986023,-0.004198255,921,55.463700749352576,1.1665796,464.4764006137848,120.23725,62208
-0.011661327,5,81.26,0.0014443605,0.4849964380264282,-0.003983941,926,55.3296752358228,1.1661328,466.36096572875977,134.94897,62464
-0.011670674,2,81.26,0.0013919483,0.5765590667724609,-0.0033629201,928,55.3376299995929,1.1670674,468.2180998325348,92.44165,62720
-0.011682295,3,82.04,0.0014592891,0.59157595038414,-0.002817478,931,55.92357175834477,1.1682296,470.0304272174835,108.25258,62976
-0.011674333,4,80.51,0.0010421895,0.4202107787132263,-0.0026325798,935,54.651729549244045,1.1674334,472.04033875465393,120.86393,63232
-0.011677942,4,79.53,0.0009767786,0.4728451371192932,-0.0025148094,939,54.068300422802565,1.1677942,473.90518856048584,126.946,63488
-0.011688957,3,80.45,0.00096146064,0.43862682580947876,-0.0038041342,942,54.63873901292682,1.1688957,475.75563192367554,116.57974,63744
-0.011697672,3,80.45,0.0009526778,0.5940796434879303,-0.004230771,945,54.6447821329534,1.1697673,477.55303263664246,110.55039,64000
-0.011692495,3,81.51,0.00063092937,0.4346068501472473,-0.0049952865,948,55.430535902529954,1.1692495,479.39301657676697,118.31401,64256
-0.011679252,3,81.54,0.0015062268,0.43024611473083496,-0.0019263402,951,55.48073637291789,1.1679252,481.23274874687195,122.01607,64512
-0.011678098,3,82.53,0.00032965164,0.6046496629714966,-0.003664976,954,56.12938591465354,1.1678098,483.05486512184143,105.50048,64768
-0.011681603,2,82.53,0.0007696522,0.539071261882782,-0.0014439924,956,56.103325007408856,1.1681603,484.8693702220917,118.97641,65024
-0.011681021,3,82.53,0.00096932263,0.6120931804180145,-0.0011872761,959,56.13692785933614,1.1681021,486.703412771225,87.348305,65280
-0.011675416,3,84.43,0.0006645364,0.57194584608078,-0.004221009,962,57.43807920828462,1.1675416,488.527667760849,112.71251,65536
-0.011705099,2,84.43,0.00025539123,0.5851249396800995,-0.0014622137,964,57.435591917186976,1.1705099,490.40010046958923,89.321045,65792
-0.011726465,4,82.66,0.0005430812,0.4165520668029785,-0.0022465186,968,56.22898912206292,1.1726465,492.20414113998413,160.79437,66048
-0.011755599,3,82.66,0.00040018943,0.6186493039131165,-0.001384275,971,56.30765435501933,1.1755599,494.0773813724518,90.0547,66304
-0.011766485,3,83.42,0.0007129164,0.5746415257453918,-0.0014261939,974,56.90356396481395,1.1766485,495.8613131046295,107.768616,66560
-0.011755899,2,83.42,0.00013693282,0.5823446214199066,-2.5711954e-05,976,56.922542381733656,1.1755899,497.7629518508911,87.35469,66816
-0.011748271,3,84.3,0.0009780871,0.5998074114322662,-0.001373521,979,57.361748030036686,1.1748271,499.56353759765625,108.87044,67072
-0.011736279,3,85.79,0.00020614592,0.46689295768737793,-0.0016178526,982,58.60694237783551,1.173628,501.5890426635742,83.333855,67328
-0.011737345,2,85.79,0.00046209618,0.5780796706676483,-0.0009540841,984,58.61652932927012,1.1737345,503.47985672950745,86.661514,67584
-0.011729245,3,85.8,0.00024247705,0.5870723724365234,-0.0009512417,987,58.487724269479514,1.1729245,505.31096482276917,109.65603,67840
-0.01171405,2,85.8,0.00012587663,0.5603657364845276,-0.0006239116,989,58.5276409868896,1.171405,507.2064118385315,97.925934,68096
-0.011693587,4,86.39,0.00029958948,0.53867107629776,-0.0029134005,993,58.85829882070422,1.1693587,509.00110054016113,128.56006,68352
-0.011677774,2,86.41,0.0007876656,0.5493382811546326,-0.0016092537,995,58.78720871135592,1.1677774,510.8529965877533,97.56652,68608
-0.011661502,6,83.63,0.0008329777,0.44595348834991455,-0.003185898,1001,56.96725276455283,1.1661502,512.7468464374542,150.95987,68864
-0.011635761,3,84.51,0.00046947086,0.3048240542411804,-0.0032883957,1004,57.808220907002685,1.1635761,514.7450754642487,106.27997,69120
-0.011620083,3,85.33,0.0005869586,0.5867368280887604,-0.0032276064,1007,58.202883598953484,1.1620083,516.5837361812592,110.86284,69376
-0.011631255,2,85.33,0.0004167459,0.5538328886032104,-0.00052751973,1009,58.24916655883193,1.1631255,518.4487657546997,94.94844,69632
-0.011638536,4,84.64,0.0003363093,0.4819849133491516,-0.00093540363,1013,57.8494547611475,1.1638536,520.2379341125488,145.03563,69888
-0.011649323,3,83.76,0.0006782921,0.46589791774749756,-0.0047518536,1016,57.228440402150156,1.1649323,522.0757896900177,117.41401,70144
-0.011666578,3,83.76,0.0002950125,0.5708277523517609,-0.0017695203,1019,57.43880637913942,1.1666578,523.8733780384064,113.49041,70400
-0.011688305,3,83.66,0.0010475385,0.4996227025985718,-0.0071160328,1022,57.41361488016322,1.1688305,525.7589292526245,110.96807,70656
-0.011697875,3,84.58,0.00051049935,0.5650539398193359,-0.0033515543,1025,58.06253033759072,1.1697875,527.5765793323517,110.70661,70912
-0.011706306,3,84.75,0.0014083176,0.4667360186576843,-0.008560635,1028,58.16279850723222,1.1706306,529.4640092849731,116.732124,71168
-0.011714137,2,84.77,0.00012706034,0.5634890794754028,-0.0006447248,1030,58.06778541328386,1.1714138,531.4829468727112,112.47531,71424
-0.011725386,5,84.86,0.00039392547,0.4561198353767395,-0.0051394664,1035,58.15244982006028,1.1725386,533.4033539295197,122.73352,71680
-0.011738909,2,84.86,8.795108e-05,0.5135374665260315,-0.0006386433,1037,58.16249554844573,1.173891,535.2875697612762,107.29739,71936
-0.01174993,3,85.84,8.510996e-05,0.6656538844108582,-0.00018975278,1040,58.731161188501865,1.174993,537.1136417388916,80.25362,72192
-0.011759968,3,86.66,0.00036163337,0.5634929537773132,-0.0018707179,1043,59.428668437916784,1.1759968,538.9493854045868,102.792404,72448
-0.011780318,3,85.87,0.0009436812,0.4606590270996094,-0.0066057295,1046,58.78651677967981,1.1780318,540.7817068099976,116.952515,72704
-0.011791571,2,86.59,5.0351722e-05,0.5699796974658966,-6.649457e-05,1048,59.2328833383508,1.1791571,542.5757915973663,109.914185,72960
-0.0118011,3,87.28,3.9285747e-05,0.5694684386253357,-0.000315574,1051,59.79947647990659,1.1801101,544.5586712360382,81.07567,73216
-0.011808263,4,86.4,0.00061976165,0.43481552600860596,-0.0020017698,1055,59.31640369178727,1.1808263,546.6260690689087,122.9918,73472
-0.011806182,4,84.74,0.0012738327,0.3917175531387329,-0.0049910117,1059,58.179741636980324,1.1806182,548.7152876853943,143.59598,73728
-0.011810188,2,84.72,0.0003565522,0.5357289910316467,-0.00019062404,1061,58.17157407807186,1.1810188,550.6046280860901,91.37887,73984
-0.0118163405,3,84.28,0.00030845695,0.5636605322360992,-0.0010043271,1064,57.90322884069756,1.1816341,552.4806673526764,92.15998,74240
-0.011816401,5,84.23,0.0004203238,0.5102428197860718,-0.0014247382,1069,57.894132595527914,1.1816401,554.3169059753418,142.46779,74496
-0.011809712,3,83.9,0.00040792744,0.48508644104003906,-0.0008766651,1072,57.98700511174277,1.1809713,556.2325327396393,87.01289,74752
-0.011804199,2,83.9,0.00014579343,0.5795164704322815,-0.0010480024,1074,58.07042535411194,1.1804199,558.117490530014,91.64513,75008
-0.011805725,3,83.78,0.0005937136,0.5521524548530579,-0.001764508,1077,58.23355747746304,1.1805725,560.0182063579559,97.82709,75264
-0.011798118,3,83.88,0.00034077,0.5306910276412964,-0.0013344176,1080,58.374804494846614,1.1798118,562.0654878616333,104.893585,75520
-0.011792918,3,83.14,0.00034657167,0.4866052269935608,-0.0021922868,1083,57.866038495171814,1.1792918,563.9295814037323,117.551895,75776
-0.01179263,2,83.14,0.00020792638,0.5654616951942444,-0.00014281645,1085,57.909236490596086,1.179263,565.7361242771149,120.522415,76032
-0.01179055,4,82.16,0.00045493757,0.45697760581970215,-0.00023599528,1089,57.51995006727055,1.1790551,567.7779717445374,106.43971,76288
-0.011784866,3,82.05,0.00043780915,0.5675236284732819,-0.00102471,1092,57.72556386278942,1.1784867,569.6343171596527,99.9341,76544
-0.011779519,2,83.0,0.0003333222,0.5681754052639008,-0.0011468381,1094,58.44092113303021,1.1779519,571.5203652381897,95.80092,76800
-0.011768535,3,83.99,0.00020207255,0.59621262550354,-0.0013125194,1097,59.16457589404658,1.1768535,573.3528492450714,114.22102,77056
-0.011756898,3,84.87,6.939564e-05,0.3975934386253357,-0.0010252036,1100,59.85182778107002,1.1756898,575.2503437995911,122.42649,77312
-0.011760096,3,85.65,0.0003189228,0.5961534976959229,-0.0041051023,1103,60.44939396666363,1.1760097,577.1328220367432,114.188995,77568
-0.0117725525,3,85.07,0.00074761757,0.4091067314147949,-0.0045953337,1106,59.93015422808006,1.1772553,579.5555477142334,125.55115,77824
-0.011773934,6,82.1,0.0003782492,0.4262370467185974,-0.0019610561,1112,58.06266895430163,1.1773934,581.6853029727936,140.28433,78080
-0.011766005,2,82.7,0.0001735976,0.49407708644866943,-0.00054873526,1114,58.58662901924923,1.1766006,583.7766349315643,79.443954,78336
-0.011761986,3,83.46,0.00024039531,0.5706021189689636,-0.0027723713,1117,59.32600637542084,1.1761986,585.6525204181671,92.6449,78592
-0.011761998,4,83.3,7.469463e-05,0.5104276835918427,-0.0012390707,1121,59.267612123936416,1.1761998,587.500405550003,122.505295,78848
-0.011767932,2,83.3,0.00013766577,0.5872176289558411,-0.0018635402,1123,59.33508785739541,1.1767932,589.3951196670532,93.41167,79104
-0.011766494,3,84.12,0.00029141712,0.5945126116275787,-0.003282426,1126,60.004006131142376,1.1766495,591.4619524478912,116.90931,79360
-0.011769919,2,84.01,0.00022366014,0.47800755500793457,-0.0006095059,1128,60.103898585885766,1.1769919,593.4543905258179,84.09673,79616
-0.011776164,4,83.18,0.00018102315,0.5533227920532227,-0.00063076615,1132,59.581640712767836,1.1776165,595.432692527771,123.19007,79872
-0.011780228,2,84.98,0.00022215233,0.5381790399551392,-0.00048007816,1134,60.8778371925652,1.1780227,597.8874931335449,101.77331,80128
-0.011773877,4,83.99,0.00018209685,0.5969999134540558,-0.0017173924,1138,60.26996435686946,1.1773877,599.8812794685364,113.294235,80384
-0.011775521,3,83.99,0.00047567836,0.5389194786548615,-0.00086055323,1141,60.187698353379965,1.1775521,601.6790442466736,114.36427,80640
-0.0117677385,2,83.99,0.0003465698,0.5972999334335327,-0.00083577074,1143,60.18508056685329,1.1767739,603.5623562335968,91.976265,80896
-0.011769184,4,83.8,0.00020908634,0.5352647304534912,-0.0006166976,1147,60.028468994945285,1.1769184,605.3476948738098,125.84226,81152
-0.011780101,2,83.74,0.00047806045,0.5315415263175964,-0.0011196844,1149,60.033981455415486,1.1780101,607.2553398609161,86.774925,81408
-0.011794825,3,83.75,0.00015087775,0.574480414390564,-0.0010731295,1152,59.97529465600848,1.1794826,609.0701603889465,108.68592,81664
-0.011804972,2,83.9,0.00024241209,0.5570628046989441,-0.000691283,1154,59.92517028078437,1.1804972,610.9231836795807,100.592804,81920
-0.011816342,4,84.67,1.43521465e-05,0.5569679439067841,-0.00020627305,1158,60.471142141222956,1.1816343,612.7131485939026,123.20276,82176
-0.011824847,2,85.51,7.74801e-05,0.5507036447525024,-0.00032117777,1160,60.953715613484384,1.1824847,614.5559256076813,99.370804,82432
-0.01182222,3,85.8,5.146768e-05,0.575066864490509,-0.0005812347,1163,61.25671646684408,1.182222,616.425742149353,97.60819,82688
-0.011802021,3,86.06,6.703311e-05,0.4851399064064026,-0.0023318753,1166,61.64425274759531,1.1802021,618.5834515094757,89.483154,82944
-0.011781042,7,83.56,0.00019109691,0.4145955443382263,-0.0019793585,1173,59.49310229837894,1.1781043,620.6391656398773,160.54706,83200
-0.011776878,4,82.01,0.0002709292,0.42936164140701294,-0.0028664758,1177,58.07395192086697,1.1776878,622.6591293811798,138.84517,83456
-0.011780971,2,82.01,0.00047716033,0.5485615432262421,-0.0007724352,1179,58.017577587366105,1.1780971,624.5491888523102,98.44103,83712
-0.011783944,4,82.18,0.00027184456,0.4828624725341797,-0.0014013294,1183,57.89679905772209,1.1783944,626.6468043327332,146.61221,83968
-0.0117845535,2,82.18,8.2110986e-05,0.5720506310462952,-0.00021166261,1185,57.87392184346914,1.1784554,628.6993637084961,93.93873,84224
-0.011784011,3,82.13,0.00036025303,0.5745511651039124,-0.00093989074,1188,57.81045783698559,1.1784011,630.5213904380798,95.382324,84480
-0.011780766,2,83.04,7.951283e-05,0.5498252213001251,-0.0011840723,1190,58.36083833813667,1.1780766,632.3509037494659,118.03931,84736
-0.011780638,4,82.41,0.00018491643,0.5121595859527588,-0.00054113753,1194,57.60655675619841,1.1780639,634.3023271560669,117.2578,84992
-0.011778993,3,81.78,2.2124965e-05,0.5130392909049988,-0.000100236386,1197,57.354909455776216,1.1778992,636.4033181667328,78.70326,85248
-0.011777333,3,82.55,8.0159865e-05,0.5409691035747528,-0.0014795922,1200,57.98185916781426,1.1777333,638.3170897960663,99.437805,85504
-0.011765166,2,82.55,4.292e-05,0.5842888653278351,-0.00053993426,1202,57.90610126912594,1.1765167,640.2024240493774,92.511635,85760
-0.011757523,3,82.53,0.00016046572,0.6029894053936005,-0.0015442548,1205,57.882495424449445,1.1757523,642.0462837219238,108.68443,86016
-0.011753191,3,83.19,6.711064e-05,0.44071078300476074,-0.0019181669,1208,58.42917954474687,1.1753192,644.004490852356,114.340836,86272
-0.0117489,4,84.29,3.2420736e-05,0.5403096973896027,-0.00038853288,1212,59.00309687703848,1.17489,646.1286175251007,117.26908,86528
-0.011753197,2,84.42,0.00020214962,0.5564397871494293,-0.0007429458,1214,58.904396336674694,1.1753197,648.0586402416229,95.20404,86784
-0.011756581,4,83.81,6.474368e-05,0.5443753898143768,7.5378455e-05,1218,58.257480487823486,1.1756581,649.8733406066895,123.13633,87040
-0.0117567405,2,83.88,4.312303e-05,0.5623027682304382,-0.0005076546,1220,58.11050768107176,1.1756741,651.7732093334198,90.38393,87296
-0.011756161,4,83.95,4.97282e-05,0.49973446130752563,-0.0002523288,1224,58.16392410725355,1.1756161,653.6483767032623,142.64372,87552
-0.011754182,2,83.95,6.5039145e-05,0.5610256195068359,-0.0006293496,1226,58.09542897850275,1.1754183,655.6611385345459,95.5165,87808
-0.011751866,3,84.06,7.9335645e-05,0.5944092571735382,-0.00022498518,1229,57.941389667391775,1.1751866,657.5327541828156,111.550644,88064
-0.011744364,2,84.06,7.434469e-05,0.5501745343208313,-0.000950329,1231,57.91429937958717,1.1744365,659.4460227489471,101.58486,88320
-0.011733641,4,84.05,3.6855694e-05,0.5226214528083801,-0.0014582202,1235,57.87600055754185,1.1733642,661.2974674701691,134.77481,88576
-0.011730756,2,84.91,4.892028e-05,0.5049756467342377,-9.3708746e-05,1237,58.59423565208912,1.1730756,663.1994729042053,106.64681,88832
-0.011727773,3,84.86,4.2545376e-05,0.5582641661167145,-0.00092862174,1240,58.699954740703106,1.1727773,665.1626172065735,77.79402,89088
-0.011721485,4,83.92,2.3884e-05,0.5258836150169373,-0.0014753677,1244,58.000778803378346,1.1721486,666.9361236095428,134.45848,89344
-0.011715617,2,84.9,7.82311e-06,0.570166140794754,-2.6944093e-05,1246,58.6617456753552,1.1715617,668.7498939037323,92.90679,89600
-0.011708845,4,83.97,7.064827e-05,0.5902590155601501,-0.0010941625,1250,57.95734698429704,1.1708846,670.5644376277924,120.96354,89856
-0.011710181,2,84.01,2.223812e-05,0.5528283715248108,-0.00034205616,1252,57.919937158972026,1.1710181,672.5132293701172,97.87781,90112
-0.011709279,4,82.85,4.9811788e-05,0.5660747587680817,-0.0012365677,1256,57.25928182318807,1.170928,674.5944578647614,103.38705,90368
-0.0117060505,3,83.52,4.4782413e-05,0.5691127777099609,-0.00066819414,1259,57.879763111323115,1.1706051,676.6012256145477,94.71106,90624
-0.011704079,2,83.67,4.3934677e-05,0.559620589017868,-0.00021279044,1261,57.80145197436214,1.1704079,678.4376375675201,96.89917,90880
-0.011701656,3,83.77,6.3455664e-06,0.5937790274620056,-0.0003334824,1264,57.751542966514826,1.1701655,680.1926038265228,117.18241,91136
-0.011698971,2,84.24,2.8055161e-05,0.5491022765636444,-0.0006108768,1266,58.01328290119767,1.1698971,682.1926975250244,103.55693,91392
-0.011697177,4,85.14,7.425388e-05,0.4965169429779053,-0.00078816153,1270,58.6501298417151,1.1697177,683.9722146987915,130.33163,91648
-0.011697556,2,87.12,1.9493862e-05,0.5243261158466339,-0.00025797402,1272,60.03081351235509,1.1697556,685.7736203670502,112.61887,91904
-0.011691958,3,87.86,1.128274e-05,0.6504479646682739,-0.0002971012,1275,60.57194100305438,1.1691958,687.5630352497101,85.38581,92160
-0.011685713,3,87.96,2.7426053e-05,0.3589645028114319,-0.0010562781,1278,60.73989940449596,1.1685714,689.3914017677307,144.83092,92416
-0.011683282,5,87.02,7.818057e-05,0.5278612375259399,-0.0011057425,1283,60.03951295658946,1.1683283,691.1808514595032,130.30833,92672
-0.011682785,2,87.02,2.1953136e-05,0.5595928728580475,-0.00035031606,1285,60.02946670845151,1.1682786,693.010644197464,97.01376,92928
-0.011683899,4,86.07,1.2808712e-05,0.5151232481002808,-0.0009876825,1289,59.35307451531291,1.1683899,694.8497278690338,114.860435,93184
-0.011683154,3,85.06,1.6262988e-05,0.5218404531478882,-0.0012404434,1292,58.816184173971415,1.1683154,696.6587717533112,123.485306,93440
-0.011684087,4,85.54,2.5047688e-05,0.5377644300460815,-0.000101285055,1296,58.997449828535316,1.1684088,698.450856924057,112.83833,93696
-0.011684206,2,85.54,1.0243151e-05,0.5596531927585602,-0.0002719108,1298,59.05040547505021,1.1684207,700.2313511371613,118.629105,93952
-0.011679762,3,85.48,6.0384627e-06,0.5336242914199829,-0.00013058074,1301,59.10958619609475,1.1679763,702.1015570163727,79.33778,94208
-0.011674174,4,84.66,1.4241086e-05,0.4929332733154297,-0.0002590362,1305,58.526308537572625,1.1674174,703.8555192947388,143.18683,94464
-0.011673106,2,84.68,1.4813151e-05,0.5923393070697784,-0.00016121566,1307,58.56522086709738,1.1673106,705.6746106147766,93.816864,94720
-0.011670002,3,85.6,1.9060215e-05,0.5970843434333801,-0.00052752905,1310,59.26734517753124,1.1670002,707.4208660125732,114.27898,94976
-0.0116665345,2,86.61,7.660128e-06,0.5619454979896545,-0.00044123456,1312,59.83146161109209,1.1666535,709.2240073680878,97.42047,95232
-0.011666432,3,86.61,9.447569e-06,0.5970898866653442,-0.00019767508,1315,59.91215263158083,1.1666433,711.1339559555054,112.54515,95488
-0.01166669,3,86.52,2.6539667e-05,0.41054868698120117,-0.00092020445,1318,59.786376662254334,1.166669,712.9754827022552,131.06737,95744
-0.0116664935,3,86.55,1.6207574e-05,0.6160274744033813,-0.00016768556,1321,59.85072081148624,1.1666493,714.7511336803436,111.25423,96000
-0.011669427,2,87.41,2.5974587e-06,0.5540772080421448,-0.00021008775,1323,60.37250397652387,1.1669427,716.5617787837982,97.33555,96256
-0.011670905,3,87.41,1.0494492e-05,0.6085262298583984,-0.00025900826,1326,60.42315110772848,1.1670905,718.311573266983,109.2451,96512
-0.011671801,2,87.41,1.2835953e-06,0.5424439907073975,-5.973503e-05,1328,60.404426805078984,1.1671802,720.127377986908,114.83872,96768
-0.011671358,3,87.41,3.1848904e-06,0.6442295014858246,-9.416044e-05,1331,60.47620008826256,1.1671358,721.9229023456573,85.735855,97024
-0.011667596,3,88.1,3.3741817e-06,0.5807288885116577,-0.00027016178,1334,61.094423556923864,1.1667596,723.7525947093964,99.39703,97280
-0.011666418,2,88.23,3.5520643e-06,0.5709361732006073,-0.00018085726,1336,61.053121419250964,1.1666418,725.614271402359,98.80702,97536
-0.011666131,3,88.23,6.0936436e-06,0.5994627177715302,-9.286404e-05,1339,61.092094607651234,1.1666131,727.3875229358673,111.93592,97792
-0.011667022,2,88.33,6.509945e-07,0.5071143209934235,-9.1539696e-05,1341,61.005704306066036,1.1667022,729.2212245464325,111.27699,98048
-0.011667107,3,89.27,1.930166e-06,0.6733257472515106,-0.00014115777,1344,61.67861715599894,1.1667107,730.9678390026093,85.11718,98304
-0.011666645,3,89.27,1.3078097e-06,0.5771302580833435,-0.00015725475,1347,61.75090103164315,1.1666646,732.723963022232,113.84436,98560
-0.011666583,2,90.26,1.2256205e-06,0.6130081117153168,-6.246567e-05,1349,62.4789627738297,1.1666583,734.5373194217682,87.508675,98816
-0.011666502,3,90.26,6.2049367e-07,0.5983351469039917,-0.000112164766,1352,62.50144394233823,1.1666502,736.2869973182678,111.967636,99072
-0.011666613,2,90.26,1.3713725e-07,0.5790987908840179,-3.8308557e-05,1354,62.503836384564636,1.1666613,738.0920417308807,89.37253,99328
-0.011666475,3,91.42,2.3888424e-07,0.610539585351944,-3.4550205e-05,1357,63.08185616895557,1.1666476,739.837249994278,115.21669,99584
-0.011666459,3,90.65,2.5052577e-07,0.4426676630973816,-4.7547743e-05,1360,62.47505553886295,1.1666459,741.797575712204,126.119896,99840
-0.011666521,4,89.78,1.816079e-08,0.503241628408432,-1.0564923e-05,1364,61.79717244252563,1.1666522,743.5537710189819,145.08372,100096
